method, of, time, sol
exact, 1726.6079999968838, 122.82936549186707, 30.0 30.0 30.0 30.0 30.0 30.0 30.0 30.0 29.0 30.0 29.0 26.0 25.0 30.0 21.0 21.0 23.0 21.0 18.0 14.0 13.0 8.0
