method, of, time, sol
exact, 8102.863999999926, 117.17422533035278, 0 0 0 0 0 0 0 0 0 0 0 0 0 0 0 0 0 0 0 0 0 0
