method, of, time, sol
exact, 1823.0560000000485, 29.805429935455322, 30.0 30.0 30.0 30.0 30.0 30.0 30.0 30.0 29.0 30.0 30.0 30.0 26.0 25.0 23.0 22.0 21.0 20.0 15.0 17.0 15.0 10.0
