method, of, time, sol
exact, 1817.5280000000434, 48.252702951431274, 30.0 30.0 30.0 30.0 30.0 30.0 30.0 30.0 29.0 30.0 30.0 30.0 26.0 25.0 23.0 22.0 21.0 20.0 15.0 17.0 15.0 10.0
