method, of, time, sol
exact, 60471.36800254199, 611.5469219684601, 16.0 12.0 15.0 16.0 19.0 14.0 19.0 8.0 6.0 20.0 10.0 17.0 16.0 7.0 28.0 28.0 29.0 9.0 11.0 8.0 6.0 10.0 18.0 10.0 27.0 14.0 26.0 6.0 17.0 20.0 23.0 11.0 19.0 16.0 30.0 15.0 15.0 15.0 6.0 13.0 21.0 19.0 13.0 28.0 13.0 13.0 25.0 27.0 22.0 21.0 16.0 19.0 5.0 27.0 25.0 26.0 14.0 24.0 18.0 24.0 26.0 27.0 14.0 27.0 25.0 21.0 9.0 28.0 9.0 28.0 6.0 18.0 6.0 15.0 12.0 29.0 23.0 27.0 23.0 27.0 22.0 20.0 28.0 13.0 16.0 23.0 17.0 28.0 16.0 7.0 22.0 13.0 27.0 12.0 23.0 25.0 15.0 29.0 9.0 30.0
