method, of, time, sol
exact, 13033.760000002245, 2.5897750854492188, 10.0 6.0 9.0 10.0 12.0 8.0 12.0 3.0 2.0 13.0 5.0 10.0 9.0 2.0 19.0 18.0 20.0 4.0 5.0 3.0 1.0 5.0
