method, of, time, sol
exact, 14113.743999995228, 19.61652183532715, 14.0 9.0 13.0 14.0 18.0 11.0 17.0 4.0 2.0 19.0 7.0 15.0 14.0 3.0 28.0 27.0 29.0 6.0 7.0 5.0 2.0 7.0
