in_samp_exact, in_samp_heu
14239.583999995873,14155.776
14183.799999995425,13959.848
14061.111999995694,14133.608
14120.431999995892,14119.184
14249.671999995428,14045.872
