in_samp_exact, in_samp_heu
9367.647999992043,9459.656
9492.663999989754,9499.992
9140.999999990907,9631.512
9437.487999992394,9564.24
9293.695999993033,9448.136
